0.0,0.0,0.0,0.0,0.0,0.0,0.0,0.0,0.0,0.0,0.0,0.0,0.0,0.0,0.0,0.0,0.0,0.0,0.0,0.0,0.0,0.0,0.0,0.0,0.0,0.0,0.0,0.0,0.0,0.0,0.0,0.0,0.0,0.0,0.0,0.0,0.0,0.0,0.0,0.0,0.0,0.0,0.0,0.0,0.0,0.0,0.0,0.0,0.0,0.0,0.0,0.0,0.0,0.0,0.0,0.0,0.0,0.0,0.0,0.0,0.0,0.0,0.0,0.0,0.0,0.0,0.0,0.0,0.0,0.0,0.0,0.0,0.0,0.0,0.0,0.0,0.0,0.0,0.0,0.0,0.0,0.0,0.0,0.0,0.0,0.0,0.0,0.0,0.0,0.0,0.0,0.0,0.0,0.0,0.0,0.0,0.0,0.0,0.0,0.0,0.0,0.0,0.0,0.0,0.0,0.0,0.0,0.0,0.0,0.0,0.0,0.0,0.0,0.0,0.0,0.0,0.0,0.0,0.0,0.0,0.0,0.0,0.0,0.0,0.0,0.0,0.0,0.0,0.0,0.0,0.0,0.0,0.0,0.0,0.0,0.0,0.0,0.0,0.0,0.0,0.0,0.0,0.0,0.0,0.0,0.0,0.0,0.0,0.0,0.0,0.0,0.0,0.0,0.0,0.0,0.0,0.0,0.0,0.0,0.0,0.0,0.0,0.0,0.0,0.0
0.0,1.903399926561633e-08,3.788509729929501e-06,2.9617318432428874e-05,0.00012085137132089585,0.00033126951893791556,0.0006718896911479533,0.001210464397445321,0.0021245633251965046,0.0032802876085042953,0.00551300123333931,0.00828850269317627,0.01145960483700037,0.014852544292807579,0.019348666071891785,0.024592597037553787,0.03060784563422203,0.03741279989480972,0.04413596913218498,0.05246763303875923,0.06161970645189285,0.07159698754549026,0.08240214735269547,0.09403599798679352,0.10649781674146652,0.11826851218938828,0.1322880983352661,0.14712733030319214,0.1627817004919052,0.1792462170124054,0.19651532173156738,0.21663977205753326,0.2334437072277069,0.2530905604362488,0.2735172510147095,0.30195462703704834,0.3241754174232483,0.3471541106700897,0.37088409066200256,0.3898560106754303,0.417734295129776,0.44359833002090454,0.4671986401081085,0.49442970752716064,0.5192354321479797,0.5478120446205139,0.5770924687385559,0.6070713400840759,0.6377430558204651,0.6691022515296936,0.7011439204216003,0.7338629961013794,0.767254650592804,0.8013142347335815,0.8360370993614197,0.8714190125465393,0.9074556231498718,0.9400345087051392,0.977296769618988,1.0152021646499634,1.0537474155426025,1.0885438919067383,1.123840570449829,1.1641442775726318,1.2050749063491821,1.2466291189193726,1.288804054260254,1.3268117904663086,1.3701518774032593,1.4091908931732178,1.4536863565444946,1.4987900257110596,1.544499397277832,1.5856366157531738,1.632483959197998,1.6799309253692627,1.7226073741912842,1.7711807489395142,1.8148554563522339,1.8589980602264404,1.9092161655426025,1.960023045539856,2.0114169120788574,2.0633962154388428,2.110090494155884,2.1631717681884766,2.216834306716919,2.265021562576294,2.3197779655456543,2.3751118183135986,2.4310214519500732,2.48750638961792,2.5445644855499268,2.595763683319092,2.653902530670166,2.7060604095458984,2.765275716781616,2.8183891773223877,2.8786776065826416,2.9327430725097656,2.994101047515869,3.0491156578063965,3.1185104846954346,3.2168309688568115,3.2878925800323486,3.3524394035339355,3.453958749771118,3.5199358463287354,3.58647084236145,3.6535632610321045,3.7212119102478027,3.781810760498047,3.8581762313842773,3.9197614192962646,3.9817845821380615,4.059927940368652,4.122933864593506,4.202303886413574,4.274318695068359,4.346883773803711,4.419999122619629,4.493663311004639,4.576155662536621,4.642636775970459,4.73475456237793,4.810730457305908,4.895788669586182,4.964319705963135,5.041932106018066,5.120088577270508,5.190016269683838,5.269199371337891,5.348923206329346,5.429187774658203,5.5099968910217285,5.591344356536865,5.682363033294678,5.7556586265563965,5.829380035400391,5.9221296310424805,6.006171226501465,6.090750217437744,6.1663818359375,6.24243688583374,6.318915367126465,6.405458450317383,6.4925360679626465,6.570385932922363,6.658470630645752,6.737215518951416,6.816380500793457,6.895965576171875,6.9860005378723145,7.066476345062256,7.157512664794922,7.238877773284912
0.0,3.358994637991941e-09,2.615460743982112e-06,3.07900263578631e-05,0.00012727122521027923,0.00034660985693335533,0.0006988758104853332,0.0013391521060839295,0.002448150422424078,0.003900916315615177,0.005876520182937384,0.008467881940305233,0.01177014596760273,0.015880100429058075,0.020895719528198242,0.02619359828531742,0.03318044915795326,0.04133174940943718,0.04960302263498306,0.06010749191045761,0.07054122537374496,0.08353997766971588,0.0945877656340599,0.11001167446374893,0.12488313764333725,0.14292748272418976,0.16236741840839386,0.18320433795452118,0.202897846698761,0.22636832296848297,0.2512265145778656,0.27448245882987976,0.30823153257369995,0.3373606204986572,0.36784425377845764,0.3996724486351013,0.42908453941345215,0.46342402696609497,0.4990774095058441,0.5402201414108276,0.5786116719245911,0.6227694749832153,0.6638501286506653,0.7061881422996521,0.7448687553405762,0.784527063369751,0.8251559138298035,0.8720147013664246,0.9200830459594727,0.9638183116912842,1.0141457319259644,1.0541073083877563,1.106531023979187,1.160122036933899,1.2148717641830444,1.2707724571228027,1.3214213848114014,1.3794742822647095,1.4320244789123535,1.4854614734649658,1.546632170677185,1.6089121103286743,1.6651979684829712,1.7295559644699097,1.7950053215026855,1.8615400791168213,1.9291547536849976,1.9901589155197144,2.0597987174987793,2.1305034160614014,2.2022674083709717,2.2750866413116455,2.3489558696746826,2.4238710403442383,2.4998281002044678,2.576822519302368,2.646129846572876,2.7250735759735107,2.7961080074310303,2.8769876956939697,2.949737071990967,3.0325403213500977,3.1163570880889893,3.2106714248657227,3.2966175079345703,3.3835675716400146,3.4715185165405273,3.5604677200317383,3.640369415283203,3.7210559844970703,3.8127641677856445,3.8951122760772705,3.988684892654419,4.0832414627075195,4.168115615844727,4.264523983001709,4.361909866333008,4.438328266143799,4.5263848304748535,4.6375346183776855,4.73859167098999,4.829233646392822,4.9321160316467285,5.0359625816345215,5.140769958496094,5.234737873077393,5.329463005065918,5.43693208694458,5.533261299133301,5.630343437194824,5.740458965301514,5.839137077331543,5.963537693023682,6.0764970779418945,6.190401077270508,6.318066596984863,6.433959007263184,6.5377631187438965,6.655427932739258,6.760805130004883,6.8935651779174805,7.000602722167969,7.121899604797363,7.230500221252441,7.353551387786865,7.477529525756836,7.588510513305664,7.714236736297607,7.840885639190674,7.954235553741455,8.082622528076172,8.211928367614746,8.327634811401367,8.44406509399414,8.575912475585938,8.708671569824219,8.827444076538086,8.961922645568848,9.082221031188965,9.203235626220703,9.340230941772461,9.462762832641602,9.632407188415527,9.772208213806152,9.928596496582031,10.070292472839355,10.196995735168457,10.340380668640137,10.484658241271973,10.629825592041016,10.743348121643066,10.890094757080078,11.037729263305664,11.186247825622559,11.335649490356445,11.46919059753418,11.620256423950195,11.738358497619629,11.890984535217285,12.044486045837402,12.198861122131348,12.354107856750488,12.492836952209473,12.63225269317627,12.772353172302246,12.930784225463867,13.054607391357422,13.196758270263672
0.0,1.911669933463145e-08,5.2971799959777854e-06,3.5717002901947126e-05,0.00011962336429860443,0.0003260633675381541,0.0009002125589177012,0.0014533634530380368,0.0024729063734412193,0.003919003065675497,0.00639790715649724,0.00845424272119999,0.011728726327419281,0.015803135931491852,0.021388936787843704,0.027475351467728615,0.037322476506233215,0.04933642968535423,0.05862956866621971,0.06899155676364899,0.08045163005590439,0.0930313691496849,0.10854392498731613,0.12161615490913391,0.13972868025302887,0.15931761264801025,0.18038751184940338,0.2029396891593933,0.22697250545024872,0.25248220562934875,0.27946311235427856,0.3079080879688263,0.33441486954689026,0.36560171842575073,0.3945305347442627,0.4284239411354065,0.45974162220954895,0.4921712875366211,0.5299739241600037,0.5691624283790588,0.6051507592201233,0.6422168016433716,0.6900528073310852,0.7295145988464355,0.7751660943031311,0.8274381160736084,0.8758643865585327,0.9255883693695068,0.9708686470985413,1.0230162143707275,1.076432466506958,1.1311078071594238,1.1933236122131348,1.250627040863037,1.302597165107727,1.362218976020813,1.429890751838684,1.4990521669387817,1.5554468631744385,1.6200159788131714,1.6857695579528809,1.752700686454773,1.8208028078079224,1.8745765686035156,1.936890959739685,2.016065835952759,2.0885353088378906,2.1621460914611816,2.2285330295562744,2.3042874336242676,2.3811686038970947,2.450449228286743,2.538292169570923,2.609556198120117,2.6998677253723145,2.773098945617676,2.856523036956787,2.93159818649292,3.007537364959717,3.0939974784851074,3.1815438270568848,3.2602715492248535,3.3498594760894775,3.430396795272827,3.52201509475708,3.5940134525299072,3.6770882606506348,3.7715532779693604,3.8670804500579834,3.952882766723633,4.050408363342285,4.148987770080566,4.2486186027526855,4.33806037902832,4.439671039581299,4.542324542999268,4.6344475746154785,4.739068031311035,4.856529712677002,4.9633378982543945,5.071178913116455,5.1922101974487305,5.3022236824035645,5.41326379776001,5.5128254890441895,5.625797748565674,5.739790439605713,5.854800701141357,5.944955825805664,6.048742294311523,6.1664581298828125,6.28518533706665,6.418287754058838,6.539141654968262,6.661004066467285,6.783866882324219,6.893920421600342,7.018674373626709,7.1444268226623535,7.25704288482666,7.384675979614258,7.513301849365234,7.642919063568115,7.758965015411377,7.875792026519775,8.008152961730957,8.141498565673828,8.275827407836914,8.411137580871582,8.547428131103516,8.715331077575684,8.838357925415039,8.962154388427734,9.11798095703125,9.243504524230957,9.38563346862793,9.528728485107422,9.672788619995117,9.833988189697266,9.980082511901855,10.127137184143066,10.275150299072266,10.407520294189453,10.557337760925293,10.708108901977539,10.859831809997559,11.012505531311035
0.0,1.9111288551698635e-08,3.7901913856330793e-06,3.572483183233999e-05,0.00012085025082342327,0.00036298486520536244,0.0007217761012725532,0.0011998651316389441,0.0018709417199715972,0.00378224765881896,0.005736306309700012,0.008312102407217026,0.012017983011901379,0.01570834219455719,0.020720425993204117,0.026737144216895103,0.03385750949382782,0.048441022634506226,0.05897233635187149,0.07094061374664307,0.08443528413772583,0.09778008610010147,0.11244955658912659,0.13059872388839722,0.14823320508003235,0.17230640351772308,0.19052064418792725,0.21560533344745636,0.24257881939411163,0.26814761757850647,0.29870784282684326,0.3311689496040344,0.3655278980731964,0.4017787575721741,0.4399135410785675,0.47992244362831116,0.5170503258705139,0.56056809425354,0.6007950901985168,0.6477758288383484,0.6965700387954712,0.7471635937690735,0.799542248249054,0.853691577911377,0.9032991528511047,0.9672448635101318,1.026620626449585,1.0808384418487549,1.1293824911117554,1.1932992935180664,1.258894443511963,1.326155185699463,1.3873306512832642,1.4577038288116455,1.5216268301010132,1.578609585762024,1.6533050537109375,1.7296006679534912,1.8074861764907837,1.8869510889053345,1.9589046239852905,2.0413260459899902,2.144169569015503,2.2300267219543457,2.3272194862365723,2.4163007736206055,2.486633777618408,2.578401803970337,2.671670913696289,2.7664337158203125,2.8519153594970703,2.949479579925537,3.037440538406372,3.137782573699951,3.23958683013916,3.3197743892669678,3.424161672592163,3.529994487762451,3.625277042388916,3.7338244915008545,3.843801498413086,3.9676692485809326,4.0680251121521,4.156754016876221,4.284989833831787,4.401886463165283,4.52018404006958,4.6398797035217285,4.760969638824463,4.869770526885986,4.993480205535889,5.118570804595947,5.245039463043213,5.358609199523926,5.487669467926025,5.618097305297852,5.749888896942139,5.868178844451904,6.002536296844482,6.153409957885742,6.290620803833008,6.429178237915039,6.553468227386475,6.7260966300964355,6.868823051452637,7.012882232666016,7.158273220062256,7.304991722106934,7.453033924102783,7.60239839553833,7.736273765563965,7.888125419616699,8.041290283203125,8.195767402648926,8.351550102233887,8.508637428283691,8.649362564086914,8.808906555175781,8.951810836791992,9.113800048828125,9.277080535888672,9.441649436950684,9.607502937316895,9.75600528717041,9.905518531799316,10.056041717529297,10.207572937011719,10.360108375549316,10.51364803314209,10.687577247619629,10.9410400390625,11.098325729370117,11.25660514831543,11.455848693847656,11.636491775512695,11.818384170532227,11.98111343383789,12.185907363891602,12.371533393859863,12.558395385742188,12.746493339538574,12.914729118347168,13.105155944824219,13.275455474853516,13.468199729919434,13.640552520751953,13.835602760314941,13.988150596618652,14.185362815856934,14.40590763092041,14.605673789978027,14.806646347045898,14.986298561096191,15.23486614227295,15.439570426940918,15.645468711853027,15.852557182312012,16.060834884643555,16.270296096801758
0.0,1.9102619930322362e-08,3.80254959964077e-06,3.719893720699474e-05,0.00014250079402700067,0.00037336305831559,0.0007950701983645558,0.0014804835664108396,0.0025100025814026594,0.0039690579287707806,0.005947636906057596,0.009207366034388542,0.012676564045250416,0.017499778419733047,0.022815803065896034,0.02992476150393486,0.03935322165489197,0.048434436321258545,0.058841522783041,0.07066373527050018,0.08243273198604584,0.09545285254716873,0.11167655140161514,0.1275675892829895,0.14717921614646912,0.166222482919693,0.1895352303981781,0.21200469136238098,0.23617714643478394,0.26211029291152954,0.29346030950546265,0.3194844722747803,0.35103878378868103,0.38457608222961426,0.42015108466148376,0.46754586696624756,0.5130501389503479,0.5557944774627686,0.6064921021461487,0.6478463411331177,0.7034962773323059,0.7553099989891052,0.8162398338317871,0.8727425336837769,0.923986554145813,0.9923374652862549,1.055413007736206,1.1289682388305664,1.1966452598571777,1.2753475904464722,1.3475722074508667,1.4313580989837646,1.5080716609954834,1.5968741178512573,1.6883049011230469,1.7823454141616821,1.9008002281188965,2.00057315826416,2.102896213531494,2.207751989364624,2.3151233196258545,2.437354326248169,2.5499813556671143,2.6521637439727783,2.7694332599639893,2.8891382217407227,3.0112645626068115,3.135798215866089,3.262725353240967,3.4065465927124023,3.5237069129943848,3.657735824584961,3.7788398265838623,3.917283773422241,4.042293071746826,4.185111045837402,4.330228805541992,4.477636814117432,4.627323627471924,4.779279708862305,4.93349552154541,5.089962005615234,5.248669624328613,5.409609317779541,5.572772026062012,5.738150119781494,5.905734539031982,6.113545894622803,6.286005973815918,6.441135406494141,6.617709159851074,6.776484489440918,6.957145690917969,7.139960289001465,7.304264545440674,7.470259666442871,7.6590189933776855,7.828591823577881,8.021363258361816,8.216249465942383,8.369284629821777,8.54573917388916,8.746231079101562,8.948817253112793,9.107824325561523,9.314108848571777,9.499214172363281,9.662521362304688,9.874320983886719,10.088177680969238,10.328203201293945,10.546381950378418,10.791193008422852,11.013667106628418,11.213122367858887,11.439417839050293,11.66772747039795,11.872355461120605,12.104453086853027,12.338547706604004,12.600987434387207,12.839278221130371,13.052752494812012,13.29477596282959,13.511558532714844,13.757291793823242,13.977363586425781,14.226786613464355,14.478154182434082,14.703218460083008,14.929814338684082,15.186551094055176,15.416377067565918,15.647716522216797,15.88056755065918,16.144323348999023,16.380367279052734,16.617908477783203,16.88692855834961,17.127639770507812,17.400211334228516,17.67465591430664,17.920169830322266,18.198129653930664,18.477943420410156,18.759605407714844,19.011518478393555,19.296655654907227,19.583621978759766,19.872411727905273,20.16301918029785,20.4228572845459,20.71687889099121,21.012699127197266,21.277156829833984,21.543025970458984,21.843812942504883,22.146371841430664,22.416799545288086,22.722694396972656,22.996076583862305,23.270841598510742,23.581600189208984,23.89409637451172,24.20832633972168,24.559492111206055,24.84195327758789,25.12576675415039,25.446670532226562,25.76927375793457
0.0,1.9114454019586447e-08,5.297138159221504e-06,3.5724107874557376e-05,0.00013715075328946114,0.00036295055178925395,0.0007779927691444755,0.0013650311157107353,0.0023450623266398907,0.003569766879081726,0.005427996627986431,0.007580195553600788,0.011044577695429325,0.015001803636550903,0.01927030459046364,0.025008054450154305,0.03183312714099884,0.038895152509212494,0.04805030673742294,0.059844862669706345,0.07202561944723129,0.08907078951597214,0.1048896312713623,0.12044127285480499,0.13969187438488007,0.1584327071905136,0.1814233362674713,0.20651662349700928,0.23065057396888733,0.25993162393569946,0.28791239857673645,0.3216584026813507,0.35787588357925415,0.39663970470428467,0.43328937888145447,0.47704997658729553,0.523551881313324,0.5616579651832581,0.613193690776825,0.6676487922668457,0.7185525894165039,0.7786836624145508,0.8347254991531372,0.8857927322387695,0.9542589783668518,1.0178178548812866,1.0923795700073242,1.1613882780075073,1.2604891061782837,1.3452008962631226,1.4133445024490356,1.5141090154647827,1.608222484588623,1.7055656909942627,1.8061230182647705,1.898190975189209,2.0168068408966064,2.1393203735351562,2.240119457244873,2.3433802127838135,2.4624743461608887,2.584646701812744,2.709876298904419,2.8381428718566895,2.9694278240203857,3.0736119747161865,3.2102136611938477,3.349780559539795,3.4922943115234375,3.6540777683258057,3.8027548789978027,3.9543254375457764,4.108773231506348,4.248463153839111,4.3904032707214355,4.552762508392334,4.717941761016846,4.885926723480225,5.056703567504883,5.210838794708252,5.38685417175293,5.565624713897705,5.7674736976623535,5.952019214630127,6.118340492248535,6.308008193969727,6.478865146636963,6.673614501953125,6.871039867401123,7.071129322052002,7.251214504241943,7.456308364868164,7.64082670211792,7.850890159606934,8.063569068908691,8.230789184570312,8.448097229003906,8.667996406555176,8.865628242492676,9.090394020080566,9.317723274230957,9.521942138671875,9.728171348571777,9.962578773498535,10.225998878479004,10.49252986907959,10.73505973815918,10.952744483947754,11.199995994567871,11.421863555908203,11.645691871643066,11.899833679199219,12.156438827514648,12.41550064086914,12.647831916809082,12.882091522216797,13.147931098937988,13.386268615722656,13.626516342163086,13.899069786071777,14.174028396606445,14.389540672302246,14.668745994567871,14.918927192687988,15.170982360839844,15.424904823303223,15.712793350219727,16.00303077697754,16.295608520507812,16.59052085876465,16.854612350463867,17.15390396118164,17.421878814697266,17.725522994995117,18.03145980834961,18.339679718017578,18.58098030090332,18.858430862426758,19.13766860961914,19.45393943786621,19.77245330810547,20.09320640563965,20.416187286376953,20.74138832092285,21.032312393188477,21.398412704467773,21.7302188873291,22.026992797851562,22.4378604888916,22.77642822265625,23.117158889770508,23.460039138793945,23.8050594329834,24.152212142944336,24.50148582458496,24.85287094116211,25.166982650756836,25.482749938964844,25.800168991088867
0.0,1.5809453657311678e-07,9.366054655401967e-06,5.4906522564124316e-05,0.00015727776917628944,0.00039102122536860406,0.0008122074068523943,0.0014969935873523355,0.0025273882783949375,0.0045840321108698845,0.006753330118954182,0.009909854270517826,0.01352059654891491,0.017956877127289772,0.023311542347073555,0.03124222345650196,0.03897693380713463,0.04793131723999977,0.059421438723802567,0.07124754786491394,0.0845719501376152,0.09774564951658249,0.11414127051830292,0.13441941142082214,0.15461668372154236,0.17418839037418365,0.19534187018871307,0.22409524023532867,0.24901814758777618,0.27570462226867676,0.30790138244628906,0.3464694023132324,0.38377124071121216,0.4190481901168823,0.46602103114128113,0.5110854506492615,0.5588537454605103,0.609350860118866,0.6626034379005432,0.7186227440834045,0.7908580303192139,0.8672359585762024,0.9328020215034485,0.9933982491493225,1.0721948146820068,1.145995855331421,1.2138779163360596,1.2927961349487305,1.3743988275527954,1.4586678743362427,1.5357978343963623,1.6150071620941162,1.6962831020355225,1.7901726961135864,1.886643409729004,1.9968383312225342,2.0986990928649902,2.2030863761901855,2.2860124111175537,2.4070959091186523,2.506166934967041,2.6327426433563232,2.7492449283599854,2.8681800365448,2.9895334243774414,3.0994224548339844,3.2536041736602783,3.367967367172241,3.49885892868042,3.617182970046997,3.752509355545044,3.8901658058166504,4.014474391937256,4.1565022468566895,4.284679412841797,4.447443962097168,4.59633731842041,4.747499465942383,4.883762359619141,5.039183616638184,5.179217338562012,5.338866233825684,5.500739574432373,5.646488666534424,5.81254243850708,5.961994171142578,6.132199287414551,6.304591178894043,6.459658145904541,6.616441249847412,6.79486608505249,6.9754509925842285,7.158186912536621,7.322419166564941,7.509200096130371,7.740382194519043,7.931890964508057,8.125515937805176,8.32125186920166,8.519091606140137,8.741374015808105,8.92105770111084,9.102389335632324,9.308350563049316,9.516385078430176,9.726486206054688,9.938648223876953,10.152865409851074,10.369131088256836,10.58743953704834,10.807784080505371,11.030159950256348,11.229527473449707,11.455723762512207,11.734915733337402,11.939848899841309,12.172290802001953,12.380579948425293,12.590441703796387,12.828410148620605,13.1219482421875,13.3372802734375,13.58138656616211,13.82745361328125,14.075474739074707,14.297574043273926,14.549270629882812,14.80290699005127,15.05847454071045,15.344694137573242,15.604318618774414,15.807571411132812,16.04127311706543,16.276477813720703,16.542877197265625,16.78126335144043,17.051227569580078,17.292776107788086
0.0,1.9098642667358945e-08,3.8024415971449343e-06,3.724439739016816e-05,0.0001630786864552647,0.00037780249840579927,0.0007993511389940977,0.001579777686856687,0.0026498837396502495,0.004154984839260578,0.006184805650264025,0.00850349199026823,0.012188388034701347,0.016353407874703407,0.021423600614070892,0.027496857568621635,0.03381770849227905,0.042057570070028305,0.05272938311100006,0.06380514055490494,0.07489882409572601,0.0872357040643692,0.10268344730138779,0.11987929046154022,0.13891589641571045,0.15987974405288696,0.18285755813121796,0.20793195068836212,0.23518431186676025,0.264693021774292,0.29653453826904297,0.3307828903198242,0.3591307997703552,0.39340740442276,0.43914514780044556,0.4781076908111572,0.5192294716835022,0.568129301071167,0.6198841333389282,0.6745558977127075,0.7322035431861877,0.7859907746315002,0.8494135737419128,0.9159735441207886,0.9857208132743835,1.0587055683135986,1.1263364553451538,1.2055628299713135,1.2788147926330566,1.3839366436004639,1.473781943321228,1.56712007522583,1.6530503034591675,1.7530808448791504,1.8449915647506714,1.9397602081298828,2.049792528152466,2.163451910018921,2.2807388305664062,2.401646614074707,2.526167392730713,2.6542868614196777,2.7859904766082764,2.906054973602295,3.0444791316986084,3.170487642288208,3.315563440322876,3.464132070541382,3.6161715984344482,3.771662473678589,3.930583953857422,4.074710845947266,4.258637428283691,4.427728176116943,4.580846309661865,4.756252765655518,4.934974193572998,5.1169939041137695,5.30229377746582,5.490857124328613,5.682666301727295,5.877706050872803,6.075960636138916,6.277413368225098,6.482049465179443,6.666609287261963,6.877219200134277,7.067066192626953,7.283598899841309,7.50324821472168,7.725999355316162,8.002446174621582,8.20638370513916,8.46470832824707,8.674079895019531,8.88585090637207,9.100015640258789,9.34380054473877,9.618195533752441,9.86830997467041,10.064905166625977,10.3203125,10.578680992126465,10.810818672180176,11.074748039245605,11.341609001159668,11.611388206481934,11.884074211120605,12.128893852233887,12.375994682312012,12.65670108795166,12.940276145935059,13.194740295410156,13.4837007522583,13.775496482849121,14.070117950439453,14.367554664611816,14.667797088623047,14.970832824707031,15.242536544799805,15.516429901123047,15.827171325683594,16.140666961669922,16.456905364990234,16.775875091552734,17.025846481323242,17.34964942932129,17.67615509033203,18.005353927612305,18.30022430419922,18.63448143005371,18.971397399902344,19.273103713989258,19.5768985748291,19.9211483001709,20.229352951049805,20.57854461669922,20.93033790588379,21.245216369628906,21.562131881713867,21.88107681274414,22.242307662963867,22.646663665771484,22.972402572631836,23.382381439208984,23.75401496887207,24.086456298828125,24.462806701660156,24.79942512512207,25.180448532104492,25.6066951751709,25.99289894104004,26.294963836669922,26.685487747192383,27.034648895263672,27.429723739624023,27.827192306518555,28.227041244506836,28.629261016845703,28.943729400634766,29.304861068725586,29.667842864990234,30.078388214111328,30.445262908935547,30.860179901123047
0.0,1.9057967648450358e-08,5.295881237543654e-06,5.038914969190955e-05,0.0001701495930319652,0.0004197211819700897,0.0008634394616819918,0.001479128492064774,0.0024929968640208244,0.003929769154638052,0.005881100427359343,0.008440355770289898,0.011303639970719814,0.014792801812291145,0.01841510832309723,0.022618627175688744,0.028960032388567924,0.036455944180488586,0.04315231367945671,0.05296231433749199,0.06289510428905487,0.0725826770067215,0.08648647367954254,0.10211440920829773,0.11956574022769928,0.13893616199493408,0.16031695902347565,0.1837971955537796,0.20946133136749268,0.2406383603811264,0.27117785811424255,0.30414512753486633,0.3355467617511749,0.37765324115753174,0.418335884809494,0.4617258310317993,0.5131890773773193,0.5624986290931702,0.6147038340568542,0.663585901260376,0.72141432762146,0.782300591468811,0.8462952375411987,0.9134503602981567,0.9758359789848328,1.040790319442749,1.108346939086914,1.1874979734420776,1.2606918811798096,1.3365869522094727,1.4252365827560425,1.5278403759002686,1.6130714416503906,1.7123336791992188,1.8503018617630005,1.9580299854278564,2.082045316696167,2.197571039199829,2.316828489303589,2.4398417472839355,2.5666298866271973,2.68251633644104,2.8164689540863037,2.954246997833252,3.0958492755889893,3.2249271869659424,3.3905177116394043,3.5263729095458984,3.6827926635742188,3.8791003227233887,4.025395393371582,4.193506717681885,4.3653364181518555,4.540864944458008,4.740208148956299,4.9234747886657715,5.110374450683594,5.279541492462158,5.473249435424805,5.6705322265625,5.871370315551758,6.052862644195557,6.2603654861450195,6.471369743347168,6.685856342315674,6.879421234130859,7.1004414558410645,7.324894428253174,7.552765369415283,7.784038543701172,8.018695831298828,8.256723403930664,8.49810791015625,8.742833137512207,8.990883827209473,9.2422456741333,9.52540397644043,9.783711433410645,10.016061782836914,10.280531883239746,10.548245429992676,10.788925170898438,11.001606941223145,11.277905464172363,11.5261869430542,11.808509826660156,12.09400749206543,12.382661819458008,12.609347343444824,12.903586387634277,13.167757034301758,13.50142765045166,13.805002212524414,14.111665725708008,14.421404838562012,14.734207153320312,15.050060272216797,15.368951797485352,15.690868377685547,15.979547500610352,16.30714988708496,16.56401824951172,16.896926879882812,17.195341110229492,17.533849716186523,17.837217330932617,18.181278228759766,18.489566802978516,18.839139938354492,19.113035202026367,19.428199768066406,19.745635986328125,20.105459213256836,20.427701950073242,20.79290771484375,21.11991310119629,21.531803131103516,21.905466079711914,22.281919479370117,22.66115379333496,23.04315757751465,23.427915573120117,23.858638763427734,24.20564079284668,24.59858512878418,25.03835678100586,25.436988830566406,25.793575286865234,26.152265548706055,26.966970443725586,27.37826919555664,27.83832550048828,28.208681106567383,28.581079483032227,29.002456665039062,29.379165649414062
0.0,1.910171043562059e-08,5.296902145346394e-06,4.2631894757505506e-05,0.00013562780804932117,0.00032477150671184063,0.0007118474459275603,0.0013554265024140477,0.002208583289757371,0.003563172882422805,0.005424246191978455,0.007887995801866055,0.011051327921450138,0.014530680142343044,0.018711743876338005,0.02434396930038929,0.03105607070028782,0.038949914276599884,0.047040991485118866,0.057442016899585724,0.07072778046131134,0.08275393396615982,0.09785622358322144,0.11471277475357056,0.13341619074344635,0.15405382215976715,0.17409272491931915,0.19861812889575958,0.22532092034816742,0.2542809545993805,0.2855779826641083,0.3115840554237366,0.34722182154655457,0.38103511929512024,0.42154306173324585,0.4696996510028839,0.515946090221405,0.5650111436843872,0.6169558167457581,0.6718344688415527,0.7297074198722839,0.7906314134597778,0.854661762714386,0.9218469858169556,0.9922374486923218,1.0658787488937378,1.1428167819976807,1.2230945825576782,1.3162592649459839,1.3938324451446533,1.4741383790969849,1.5677820444107056,1.6649543046951294,1.7656910419464111,1.8700251579284668,1.9779890775680542,2.0896127223968506,2.2049248218536377,2.3239519596099854,2.432893991470337,2.559006929397583,2.688906669616699,2.8226122856140137,2.9446749687194824,3.0697739124298096,3.2141571044921875,3.345749616622925,3.4974377155303955,3.653021812438965,3.7945845127105713,3.9392197132110596,4.105603218078613,4.275856971740723,4.430433750152588,4.607961654663086,4.76897668838501,4.953714847564697,5.142241477966309,5.312986373901367,5.4866943359375,5.6633524894714355,5.842945575714111,6.0254597663879395,6.234262466430664,6.422937393188477,6.614490032196045,6.784448623657227,6.981360912322998,7.2062811851501465,7.383692264556885,7.589086532592773,7.823503017425537,8.06144905090332,8.27590560913086,8.52047348022461,8.768524169921875,8.991923332214355,9.275008201599121,9.533411979675293,9.765975952148438,10.030830383300781,10.29907512664795,10.570699691772461,10.84568977355957,11.124030113220215,11.437210083007812,11.722579002380371,12.011255264282227,12.303226470947266,12.532584190368652,12.830378532409668,13.097819328308105,13.401754379272461,13.70892333984375,13.984665870666504,14.297905921936035,14.614339828491211,14.898285865783691,15.220717430114746,15.546308517456055,15.875043869018555,16.2069091796875,16.504520416259766,16.84226417541504,17.18309783935547,17.4886531829834,17.835298538208008,18.145994186401367,18.459096908569336,18.774593353271484,19.132383346557617,19.45294189453125,19.81639862060547,20.182838439941406,20.55224609375,20.924610137939453,21.258068084716797,21.59384536743164,21.974346160888672,22.35775375366211,22.744054794311523,23.089847564697266,23.4815673828125,23.876140594482422,24.184995651245117,24.67378807067871,25.076831817626953,25.48267364501953,25.84575653076172,26.302688598632812,26.670682907104492,27.087265014648438,27.506574630737305,27.928598403930664,28.35331916809082,28.780725479125977,29.21080207824707,29.643535614013672,30.078908920288086,30.51691246032715,30.95752716064453,31.351367950439453,31.846540451049805,32.244964599609375,32.69560623168945,33.14878463745117,33.604496002197266
0.0,3.371875445523642e-09,2.6266811801178847e-06,3.229530921089463e-05,0.00013449674588628113,0.00036290803109295666,0.0007824092172086239,0.0014661476016044617,0.0026334114372730255,0.003953760489821434,0.005935072433203459,0.00853036344051361,0.011835520155727863,0.015948142856359482,0.020967135205864906,0.026268063113093376,0.033267468214035034,0.04145953059196472,0.05094258114695549,0.061814066022634506,0.0741695761680603,0.0864744633436203,0.10009237378835678,0.11509014666080475,0.13153338432312012,0.15184111893177032,0.17415165901184082,0.1957349181175232,0.22206389904022217,0.250640332698822,0.2779948115348816,0.3110356628894806,0.3424806594848633,0.38025957345962524,0.4206535220146179,0.46373122930526733,0.5095617771148682,0.5526632070541382,0.6038690209388733,0.6518475413322449,0.7086467146873474,0.7684904336929321,0.8314350843429565,0.8975328803062439,0.9668354988098145,1.0311672687530518,1.0981025695800781,1.1765567064285278,1.2583928108215332,1.343653917312622,1.4223504066467285,1.5141925811767578,1.609573483467102,1.7197496891021729,1.8111011981964111,1.9173152446746826,2.0272037982940674,2.140796661376953,2.2581210136413574,2.365562915802002,2.504063129425049,2.6327266693115234,2.76521372795105,2.901546001434326,3.041738748550415,3.1858088970184326,3.333770513534546,3.4685680866241455,3.6238856315612793,3.7652368545532227,3.927952289581299,4.075868606567383,4.2459611892700195,4.400417804718018,4.577841758728027,4.7591233253479,4.923487186431885,5.112005233764648,5.325927734375,5.50042724609375,5.700291156768799,5.903894901275635,6.111218452453613,6.345916748046875,6.5610270500183105,6.779795169830322,7.002202033996582,7.228228569030762,7.457855701446533,7.691066265106201,7.927842140197754,8.168166160583496,8.412020683288574,8.65938949584961,8.854207038879395,9.079438209533691,9.278765678405762,9.538118362426758,9.80091667175293,10.037393569946289,10.306656837463379,10.548859596252441,10.824536323547363,11.103588104248047,11.386000633239746,11.607969284057617,11.896322250366211,12.155426025390625,12.450042724609375,12.747956275939941,13.082820892333984,13.387649536132812,13.695730209350586,14.007054328918457,14.356755256652832,14.674880027770996,14.960344314575195,15.284502983093262,15.611835479736328,15.942331314086914,16.275978088378906,16.575183868408203,16.876859664916992,17.21918296813965,17.60317039489746,17.9520206451416,18.26468849182129,18.65892219543457,18.937122344970703,19.33773422241211,19.70147132873535,20.06821632385254,20.3967227935791,20.76910972595215,21.102609634399414,21.438446044921875,21.81903648376465,22.202558517456055,22.545913696289062,22.9349308013916,23.2394962310791,23.677610397338867,24.074934005737305,24.475107192993164,24.878116607666016,25.283945083618164,25.69257926940918,26.149885177612305,26.610624313354492,26.981672286987305,27.354890823364258,27.77734375,28.15514373779297,28.582725524902344,28.96506118774414,29.397720336914062,29.7845458984375,30.222227096557617,30.662551879882812,31.105499267578125,31.551055908203125,31.99920654296875
0.0,3.3744336214169834e-09,5.296893505146727e-06,3.5724347981158644e-05,0.00013717985711991787,0.00036473164800554514,0.0007255305536091328,0.0013752219965681434,0.0023618247359991074,0.0037722548004239798,0.005697318352758884,0.00791659951210022,0.010685376822948456,0.014546167105436325,0.01872018352150917,0.02434440515935421,0.0310519989579916,0.03894400596618652,0.04703529179096222,0.05743834003806114,0.06931335479021072,0.08275856077671051,0.09786833077669144,0.11473604291677475,0.131278395652771,0.15171228349208832,0.1715659648180008,0.19587966799736023,0.22236908972263336,0.24780863523483276,0.2786296308040619,0.3118566870689392,0.34756606817245483,0.38145026564598083,0.41740378737449646,0.4603869915008545,0.5061205625534058,0.5491345524787903,0.6002399325370789,0.6481273174285889,0.7048241496086121,0.7577748894691467,0.8202710151672363,0.8859161734580994,0.9547663927078247,1.0268700122833252,1.1022785902023315,1.1810359954833984,1.2631866931915283,1.3390921354293823,1.4277641773223877,1.5199449062347412,1.6048601865768433,1.6926019191741943,1.7947235107421875,1.9004871845245361,2.0099294185638428,2.123076915740967,2.239960193634033,2.347012996673584,2.4570558071136475,2.5988385677337646,2.745344638824463,2.881258010864258,3.0210394859313965,3.1485512256622314,3.295682668685913,3.4467244148254395,3.601689100265503,3.742736339569092,3.9051361083984375,4.052804946899414,4.222667217254639,4.396485328674316,4.574262619018555,4.735611915588379,4.900088310241699,5.11007833480835,5.303241729736328,5.478253364562988,5.678858280181885,5.860444068908691,6.068427562713623,6.280310153961182,6.471911907196045,6.666574001312256,6.889206409454346,7.11567497253418,7.320184707641602,7.527695655822754,7.764714241027832,8.0054931640625,8.222657203674316,8.442763328552246,8.665796279907227,8.920188903808594,9.178252220153809,9.43996524810791,9.705310821533203,9.974271774291992,10.216368675231934,10.522970199584961,10.802675247192383,11.085929870605469,11.37271499633789,11.663018226623535,11.95682430267334,12.287363052368164,12.588513374328613,12.893118858337402,13.201166152954102,13.512639045715332,13.82752513885498,14.145809173583984,14.467476844787598,14.792513847351074,15.084251403808594,15.415614128112793,15.712950706481934,15.975272178649902,16.277517318725586,16.620651245117188,16.928409576416016,17.238750457763672,17.590957641601562,17.90674591064453,18.265060424804688,18.626585006713867,18.991308212280273,19.359214782714844,19.68890380859375,20.062786102294922,20.397762298583984,20.77756690979004,21.160484313964844,21.546499252319336,21.93560218811035,22.284048080444336,22.72300148010254,23.12126922607422,23.52256202697754,23.926864624023438,24.28875732421875,24.69870376586914,25.111614227294922,25.573869705200195,25.9462833404541,26.415037155151367,26.839982986450195,27.267812728881836,27.698514938354492,28.277223587036133,29.105680465698242,29.696504592895508,30.142873764038086,30.592004776000977,30.99354362487793,31.447858810424805,31.955842971801758,32.4158821105957,32.87861251831055,33.29216766357422,33.707820892333984,34.17792510986328
0.0,1.9101989323644375e-08,3.789930588027346e-06,3.571661000023596e-05,0.00013562398089561611,0.0003247600398026407,0.0008939257240854204,0.0016402064356952906,0.0033739220816642046,0.005144502967596054,0.007474029436707497,0.010823306627571583,0.014159150421619415,0.018147751688957214,0.023498667404055595,0.029856769368052483,0.037318114191293716,0.04597897455096245,0.05593463405966759,0.06727977097034454,0.08010771870613098,0.09282967448234558,0.1087084636092186,0.1263326108455658,0.14353659749031067,0.1646994650363922,0.18786007165908813,0.21310308575630188,0.23735514283180237,0.26675236225128174,0.29846373200416565,0.3325642943382263,0.38618770241737366,0.4264258146286011,0.47420716285705566,0.5148191452026367,0.5575987696647644,0.6025861501693726,0.6558864116668701,0.7185196280479431,0.7780174016952515,0.8405338525772095,0.9061196446418762,0.9670352935791016,1.038553237915039,1.138913631439209,1.2090390920639038,1.2910455465316772,1.3860849142074585,1.4751991033554077,1.56773841381073,1.652901530265808,1.7520089149475098,1.854641318321228,1.9488576650619507,2.0582382678985596,2.1712393760681152,2.2878880500793457,2.3946619033813477,2.518275499343872,2.6456117630004883,2.7766928672790527,2.911547899246216,3.0501925945281982,3.1926496028900146,3.338930368423462,3.4721832275390625,3.5912773609161377,3.74783992767334,3.890263080596924,4.054164886474609,4.1843390464782715,4.355180263519287,4.510324478149414,4.668564796447754,4.850287914276123,5.0568037033081055,5.22550106048584,5.418987274169922,5.616387844085693,5.817689418792725,6.045893669128418,6.231917858123779,6.42099666595459,6.637357234954834,6.882265567779541,7.081592559814453,7.309433937072754,7.515141010284424,7.776466369628906,8.015620231628418,8.449986457824707,8.699461936950684,8.980972290039062,9.209436416625977,9.469898223876953,9.704466819763184,9.941890716552734,10.212388038635254,10.45583724975586,10.733086585998535,11.013886451721191,11.298221588134766,11.521806716918945,11.779930114746094,12.073620796203613,12.337601661682129,12.570833206176758,12.873772621154785,13.145943641662598,13.455373764038086,13.768220901489258,14.08446979522705,14.368424415588379,14.655045509338379,14.980669975280762,15.34640121459961,15.67908000946045,16.052616119384766,16.430233001708984,16.88872718811035,17.236417770385742,17.58736228942871,17.941551208496094,18.259096145629883,18.61937141418457,18.982847213745117,19.349510192871094,19.719348907470703,20.050745010375977,20.42653465270996,20.763198852539062,21.144893646240234,21.52968978881836,21.91757583618164,22.30854034423828,22.702560424804688,23.055360794067383,23.410552978515625,23.812997817993164,24.21844482421875,24.626880645751953,25.038288116455078,25.452655792236328,25.82345199584961,26.196563720703125,26.61906623840332,26.99705696105957,27.47275161743164,27.90390396118164,28.2895450592041,28.774751663208008,29.11646842956543,29.607582092285156,30.002952575683594,30.45037078857422,30.90054702758789
0.0,1.9059063660620268e-08,5.29604358234792e-06,4.263285154593177e-05,0.000172089523402974,0.0005088183097541332,0.0010150063317269087,0.0018035925459116697,0.0029510408639907837,0.004540592897683382,0.006659418344497681,0.00939883105456829,0.013726607896387577,0.017644472420215607,0.023564299568533897,0.02996358647942543,0.03747798502445221,0.045169003307819366,0.05504762381315231,0.06631545722484589,0.07906652987003326,0.0917208194732666,0.10752534866333008,0.12303981184959412,0.1422228366136551,0.16332194209098816,0.18375566601753235,0.2087087631225586,0.2358245998620987,0.261807382106781,0.2932250499725342,0.323156476020813,0.3591516315937042,0.3976762592792511,0.43880194425582886,0.4825962483882904,0.5291256308555603,0.5728322863578796,0.618793785572052,0.6670544743537903,0.7241480350494385,0.7842640280723572,0.8474578261375427,0.913783609867096,0.9754104018211365,1.0395866632461548,1.1148730516433716,1.1845810413360596,1.2754487991333008,1.360827088356018,1.4396129846572876,1.521153211593628,1.6162083148956299,1.714824914932251,1.8170344829559326,1.9348589181900024,2.044764280319214,2.15836238861084,2.275679349899292,2.3967416286468506,2.5075161457061768,2.6212849617004395,2.7528748512268066,2.85787034034729,2.980715274810791,3.1225650310516357,3.235576868057251,3.3843414783477783,3.5542237758636475,3.7112574577331543,3.872222423553467,4.037131309509277,4.187035083770752,4.3594160079956055,4.535756587982178,4.69582986831665,4.859034061431885,5.046379089355469,5.237680435180664,5.432931900024414,5.609800815582275,5.789778232574463,5.9728569984436035,6.182518482208252,6.372158527374268,6.589173793792725,6.785320281982422,7.00961971282959,7.237745761871338,7.4437174797058105,7.67900276184082,7.891295433044434,8.106527328491211,8.352112770080566,8.601370811462402,8.882584571838379,9.139494895935059,9.370874404907227,9.63454532623291,9.93167781829834,10.23316478729248,10.508203506469727,10.755607604980469,11.037215232849121,11.29043197631836,11.578547477722168,11.837523460388184,12.132085800170898,12.430044174194336,12.697732925415039,12.968080520629883,13.275388717651367,13.586036682128906,13.90001392364502,14.181883811950684,14.502106666564941,14.789512634277344,15.079508781433105,15.408839225769043,15.741424560546875,16.077251434326172,16.41630744934082,16.758581161499023,17.10405921936035,17.413829803466797,17.72611427307129,18.080427169799805,18.477807998657227,18.87906837463379,19.243501663208008,19.652082443237305,20.0230770111084,20.397157669067383,20.816404342651367,21.19695281982422,21.58054542541504,21.92405891418457,22.31336212158203,22.70566749572754,23.05689239501953,23.454830169677734,23.900455474853516,24.30463218688965,24.711734771728516,25.16748809814453,25.58072853088379,25.996850967407227,26.462575912475586,26.97893714904785,27.357131958007812,27.73755645751953,28.168182373046875,28.553298950195312,28.989181518554688,29.378948211669922,29.820030212402344,30.313322067260742
0.0,6.297850774217295e-08,7.142039066820871e-06,4.853304926655255e-05,0.0001642767747398466,0.0004086047993041575,0.000909004476852715,0.0016438527964055538,0.0027290848083794117,0.004249291494488716,0.006037154234945774,0.009289673529565334,0.01317592989653349,0.01754126325249672,0.022825954481959343,0.029124489054083824,0.03478533402085304,0.0431223064661026,0.05160687491297722,0.06244853511452675,0.07475623488426208,0.08862711489200592,0.10415393859148026,0.12142893671989441,0.1405409574508667,0.16157734394073486,0.18462267518043518,0.20686103403568268,0.23392567038536072,0.26323530077934265,0.29852643609046936,0.32889053225517273,0.3653813302516937,0.39994725584983826,0.44129034876823425,0.4802786111831665,0.521420955657959,0.5703403353691101,0.6221094131469727,0.676789402961731,0.7410302758216858,0.8020439147949219,0.85886549949646,0.9257469177246094,0.987865149974823,1.0443074703216553,1.119779348373413,1.1985619068145752,1.280701756477356,1.3759572505950928,1.4754667282104492,1.5687060356140137,1.6545436382293701,1.7431883811950684,1.857979416847229,1.965113639831543,2.0634052753448486,2.1774611473083496,2.2687337398529053,2.3758084774017334,2.5278820991516113,2.6565072536468506,2.7889368534088135,2.909862995147705,3.0495340824127197,3.2092502117156982,3.357088088989258,3.491764545440674,3.646963119506836,3.7882003784179688,3.950798511505127,4.117325782775879,4.287788391113281,4.4426188468933105,4.580651760101318,4.741325855255127,4.925809860229492,5.114238739013672,5.28503942489624,5.458949565887451,5.65831184387207,5.861595153808594,6.068790435791016,6.232638835906982,6.422772407531738,6.64033317565918,6.812213897705078,7.036616802215576,7.264838218688965,7.522865295410156,7.75906229019165,7.998994827270508,8.215381622314453,8.462288856506348,8.71282958984375,8.938529014587402,9.195834159851074,9.39841365814209,9.662013053894043,9.959022521972656,10.23000717163086,10.504461288452148,10.81344985961914,11.095154762268066,11.380267143249512,11.701030731201172,11.993277549743652,12.25586986541748,12.554442405700684,12.890092849731445,13.19567584991455,13.539083480834961,13.816730499267578,14.167426109313965,14.486495971679688,14.808815956115723,15.134370803833008,15.426461219787598,15.758098602294922,16.05557632446289,16.35557746887207,16.658092498779297,16.963115692138672,17.270633697509766,17.619565963745117,18.0502986907959,18.40618896484375,18.76519012451172,19.12729263305664,19.492481231689453,19.819671630859375,20.149282455444336,20.56468391418457,20.89970588684082,21.27945899963379,21.66222381591797,22.04798698425293,22.436735153198242,22.828454971313477,23.22313117980957,23.620750427246094,24.021299362182617,24.424762725830078,24.83112335205078,25.24036979675293,25.606555938720703,26.021215438842773,26.438718795776367,26.812204360961914,27.235034942626953,27.565841674804688
0.0,3.379500235212163e-09,2.6271125079802005e-06,3.2237210689345375e-05,0.00013252138160169125,0.00039209623355418444,0.0008315430604852736,0.001540382276289165,0.0025977613404393196,0.004090078640729189,0.0061067137867212296,0.008739390410482883,0.01208464801311493,0.016238825395703316,0.021298738196492195,0.02592337504029274,0.03367552533745766,0.04190785437822342,0.05143095180392265,0.06105799600481987,0.07184994220733643,0.08387516438961029,0.09896256029605865,0.11383352428674698,0.13228948414325714,0.15029995143413544,0.16988688707351685,0.19388249516487122,0.22003847360610962,0.24516946077346802,0.27213138341903687,0.30472394824028015,0.3357648253440857,0.37308308482170105,0.4130099415779114,0.45561739802360535,0.5009726285934448,0.543648898601532,0.588593065738678,0.6358509063720703,0.691834568977356,0.7508609294891357,0.8129860758781433,0.8782647252082825,0.9312506318092346,0.9861995577812195,1.0514330863952637,1.136681079864502,1.2169688940048218,1.2912124395370483,1.3878761529922485,1.478583574295044,1.5835381746292114,1.6817878484725952,1.7836635112762451,1.8891966342926025,1.9984184503555298,2.1113555431365967,2.214885711669922,2.3349125385284424,2.4447848796844482,2.571990728378296,2.7030296325683594,2.8531458377838135,2.9923365116119385,3.151552677154541,3.282396078109741,3.433291435241699,3.5707175731658936,3.729036808013916,3.873077630996704,4.038852214813232,4.189530372619629,4.362782955169678,4.5399980545043945,4.721177101135254,4.906318187713623,5.0954179763793945,5.266826152801514,5.463389873504639,5.663890838623047,5.891279220581055,6.100060939788818,6.312743663787842,6.529310703277588,6.824079513549805,7.100261688232422,7.382108211517334,7.616913795471191,7.855473518371582,8.070660591125488,8.316232681274414,8.565439224243164,8.79002857208252,9.04610824584961,9.305789947509766,9.569051742553711,9.806050300598145,10.07601547241211,10.349498748779297,10.626482963562012,10.906950950622559,11.190881729125977,11.446160316467285,11.736590385437012,12.030438423156738,12.36092472076416,12.661941528320312,12.966331481933594,13.27408218383789,13.550447463989258,13.864507675170898,14.181890487670898,14.538418769836426,14.862772941589355,15.190410614013672,15.521317481994629,15.780942916870117,16.117633819580078,16.457557678222656,16.762420654296875,17.10842514038086,17.457630157470703,17.810022354125977,18.205291748046875,18.484302520751953,18.845827102661133,19.21048927307129,19.53725814819336,19.907812118530273,20.198165893554688,20.53228759765625,20.911073684692383,21.292922973632812,21.634904861450195,22.022502899169922,22.369571685791016,22.76286506652832,23.114974975585938,23.469440460205078,23.87101936340332,24.23046112060547,24.59222412109375,25.001977920532227,25.368648529052734,25.78389549255371,26.2020263671875
0.0,1.903625346244553e-08,5.295391019899398e-06,4.2630821553757414e-05,0.00015308495494537055,0.00039065355667844415,0.0007606089347973466,0.001422756351530552,0.002424422651529312,0.0034930016845464706,0.005084900185465813,0.007429928053170443,0.010458432137966156,0.014272675849497318,0.0189743023365736,0.024665454402565956,0.03144725784659386,0.03847252577543259,0.047587715089321136,0.05684525519609451,0.06726561486721039,0.08046219497919083,0.09357816725969315,0.10806705057621002,0.12609203159809113,0.14372038841247559,0.1629282832145691,0.18650421500205994,0.2122468203306198,0.2370186746120453,0.2636283040046692,0.29583388566970825,0.3265388011932373,0.3592577874660492,0.39404383301734924,0.43571436405181885,0.4801397919654846,0.5273879766464233,0.5775247812271118,0.6306118369102478,0.6803259253501892,0.739147424697876,0.794048547744751,0.8588052988052368,0.9267816543579102,0.9980280995368958,1.0725929737091064,1.1505218744277954,1.2318586111068726,1.3262807130813599,1.4149458408355713,1.5071407556533813,1.5920836925506592,1.6910414695739746,1.793626308441162,1.899872064590454,2.0098071098327637,2.1106483936309814,2.2276291847229004,2.3483800888061523,2.4729232788085938,2.6303229331970215,2.7483906745910645,2.8848583698272705,3.025197982788086,3.1532063484191895,3.3175501823425293,3.4695887565612793,3.625551223754883,3.7674851417541504,3.9308812618255615,4.079434394836426,4.2311110496521,4.366391181945801,4.543841361999512,4.684596061706543,4.848392486572266,5.015317440032959,5.206844329833984,5.3585429191589355,5.534837245941162,5.736889362335205,5.9197916984558105,6.129256725311279,6.342627048492432,6.535553455352783,6.756251811981201,6.955661773681641,7.132630825042725,7.363550662994385,7.571990966796875,7.810037136077881,8.051812171936035,8.269830703735352,8.518562316894531,8.770923614501953,8.998261451721191,9.228412628173828,9.520009994506836,9.815887451171875,10.085783958435059,10.328523635864258,10.60474681854248,10.915496826171875,11.230216979980469,11.516799926757812,11.80648136138916,12.06653118133545,12.427945137023926,12.726898193359375,12.995028495788574,13.29931354522705,13.572083473205566,13.881464958190918,14.193434715270996,14.472826957702637,14.754182815551758,15.073007583618164,15.394237518310547,15.717849731445312,16.0438232421875,16.372142791748047,16.702796936035156,17.035783767700195,17.33371925354004,17.746370315551758,18.08656883239746,18.46728515625,18.8123722076416,19.121049880981445,19.470500946044922,19.86149787902832,20.215858459472656,20.57253646850586,20.93153190612793,21.333133697509766,21.697021484375,22.0632381439209,22.431777954101562,22.843984603881836,23.217411041259766,23.551280975341797,23.929073333740234,24.309167861938477,24.691566467285156,25.033405303955078,25.377056121826172,25.765823364257812,26.15687370300293,26.550199508666992,26.90172576904297,27.25503921508789,27.654645919799805,28.056501388549805,28.460594177246094,28.821659088134766,29.1390323638916,29.50338363647461,29.915359497070312,30.32953453063965,30.745893478393555,31.16442108154297,31.585111618041992,32.00796127319336,32.43295669555664,32.860076904296875,33.241519927978516,33.672630310058594
0.0,1.9103850945612066e-08,5.297141797200311e-06,5.043113196734339e-05,0.00017205229960381985,0.00046472589019685984,0.0009397934190928936,0.0016894839936867356,0.0027915318496525288,0.004135071765631437,0.006137270014733076,0.008750027976930141,0.012068460695445538,0.01619136705994606,0.02061103656888008,0.02652266062796116,0.033528365194797516,0.043719660490751266,0.05350608378648758,0.06469547748565674,0.07888548076152802,0.09333746880292892,0.10947288572788239,0.12737800180912018,0.14713816344738007,0.16632741689682007,0.18981847167015076,0.21245554089546204,0.2368040680885315,0.26973438262939453,0.30182313919067383,0.33631211519241333,0.36904194951057434,0.40825942158699036,0.45008137822151184,0.4945738613605499,0.5418018102645874,0.5918270945549011,0.6386914849281311,0.6878554821014404,0.7459661364555359,0.8070968389511108,0.8713023066520691,0.93863445520401,1.0091416835784912,1.0828720331192017,1.177435278892517,1.2493220567703247,1.342920184135437,1.430751919746399,1.5323842763900757,1.6167845726013184,1.7261927127838135,1.8168745040893555,1.9103847742080688,2.031280517578125,2.1566686630249023,2.273388624191284,2.407411813735962,2.5319602489471436,2.6602516174316406,2.792306423187256,2.9281442165374756,3.0677833557128906,3.211239814758301,3.325467348098755,3.475749969482422,3.629892110824585,3.7701575756073,3.913490056991577,4.05989933013916,4.209391117095947,4.381258487701416,4.557039260864258,4.716578006744385,4.899759292602539,5.086859703063965,5.277877330780029,5.4728102684021,5.6271257400512695,5.851669788360596,6.057867527008057,6.2679443359375,6.457926273345947,6.650956153869629,6.871738910675049,7.096341133117676,7.299180030822754,7.505004405975342,7.740108966827393,7.978940010070801,8.221474647521973,8.495258331298828,8.773530960083008,9.027776718139648,9.2855863571167,9.546921730041504,9.782149314880371,10.020101547241211,10.291017532348633,10.534655570983887,10.811878204345703,11.09237003326416,11.376079559326172,11.630921363830566,11.920557975769043,12.180578231811523,12.475935935974121,12.77423095703125,13.04179859161377,13.345470428466797,13.651891708374023,13.960992813110352,14.237945556640625,14.622017860412598,14.8683443069458,15.151606559753418,15.472496032714844,15.795697212219238,16.12117576599121,16.485469818115234,16.815696716308594,17.111101150512695,17.445526123046875,17.744651794433594,18.08325958251953,18.42407989501953,18.76711082458496,19.07388687133789,19.421106338500977,19.731609344482422,20.083024978637695,20.43666648864746,20.792539596557617,21.150646209716797,21.510988235473633,21.873567581176758,22.238391876220703,22.605459213256836,22.974767684936523,23.387746810913086,23.76179313659668,24.096162796020508,24.43230628967285,24.812583923339844,25.195093154907227,25.5798397064209,25.923707962036133,26.26933479309082,26.616718292236328,27.00961685180664,27.360719680786133,27.713565826416016,28.06814956665039,28.469127655029297,28.827390670776367,29.232494354248047,29.639772415161133,30.049213409423828,30.460805892944336
0.0,3.3438141144870315e-07,1.19927863124758e-05,6.178097100928426e-05,0.00018853963410947472,0.0004466255777515471,0.0008370059076696634,0.0014317730674520135,0.002414780668914318,0.003636026056483388,0.005252478644251823,0.007629180792719126,0.010693314485251904,0.01454523578286171,0.01928725466132164,0.02572324313223362,0.03267478570342064,0.04082634672522545,0.05027394741773605,0.06111399084329605,0.07344011217355728,0.0873456820845604,0.10292161256074905,0.12025762349367142,0.13721595704555511,0.15811499953269958,0.18102557957172394,0.20028850436210632,0.2269793599843979,0.2525833249092102,0.28357377648353577,0.31695353984832764,0.35280001163482666,0.3911849856376648,0.43217968940734863,0.4758513271808624,0.5222654342651367,0.5714850425720215,0.6235707998275757,0.6723231077194214,0.7299813032150269,0.7769194841384888,0.8400059342384338,0.8987087607383728,0.9599230885505676,1.031836986541748,1.1070269346237183,1.1855401992797852,1.2581579685211182,1.3430731296539307,1.4214509725570679,1.5129213333129883,1.5971894264221191,1.6842730045318604,1.7856389284133911,1.866989016532898,1.9748355150222778,2.0737996101379395,2.1886484622955322,2.3072495460510254,2.42962908744812,2.5558133125305176,2.6858253479003906,2.834798574447632,3.004185914993286,3.131024122238159,3.2609457969665527,3.410804510116577,3.5473074913024902,3.70458984375,3.865816354751587,4.012446403503418,4.181142330169678,4.353799819946289,4.530421257019043,4.711008071899414,4.895559310913086,5.084066390991211,5.254947185516357,5.428945064544678,5.606060981750488,5.809030532836914,6.01592493057251,6.203114032745361,6.393383026123047,6.611098289489746,6.832679271697998,7.032865524291992,7.338797569274902,7.5726213455200195,7.810171127319336,8.024462699890137,8.26904582977295,8.461823463439941,8.712924003601074,8.93916130065918,9.16822624206543,9.429269790649414,9.69381332397461,9.931865692138672,10.172615051269531,10.446636199951172,10.72397518157959,11.004578590393066,11.288392066955566,11.543320655822754,11.833044052124023,12.060491561889648,12.355582237243652,12.653603553771973,12.920916557312012,13.190442085266113,13.462133407592773,13.701597213745117,14.011800765991211,14.324539184570312,14.639738082885742,14.921915054321289,15.205916404724121,15.527525901794434,15.815208435058594,16.140810012817383,16.46839714050293,16.761186599731445,17.0922908782959,17.42511749267578,17.722339630126953,18.058185577392578,18.395496368408203,18.696481704711914,18.998483657836914,19.41526985168457,19.719398498535156,20.024280548095703,20.40644645690918,20.78972053527832,21.135601043701172,21.44378089904785,21.791309356689453,22.13971519470215,22.450159072875977,22.800262451171875,23.15129280090332,23.503267288208008,23.816944122314453,24.170766830444336,24.486122131347656,24.802295684814453,25.158987045288086,25.476945877075195,25.835689544677734,26.1955509185791,26.516380310058594,26.878402709960938,27.24159812927246,27.605981826782227,27.930891036987305,28.29755973815918,28.665464401245117,28.95246696472168,29.28139305114746,29.611310958862305,29.983665466308594,30.315715789794922,30.690479278564453,31.066526412963867,31.401870727539062,31.78035545349121,32.11787033081055,32.498802185058594,32.88103485107422,33.26456832885742
0.0,1.9061888067994914e-08,5.295942628436023e-06,4.263082519173622e-05,0.00013562958338297904,0.0003574347938410938,0.0007673442014493048,0.0014384475070983171,0.002451743697747588,0.0037088480312377214,0.00560736982151866,0.008110715076327324,0.011316663585603237,0.014836682006716728,0.019639814272522926,0.025433385744690895,0.031496308743953705,0.039436209946870804,0.04756820946931839,0.056783247739076614,0.06853190809488297,0.08183936774730682,0.09505563229322433,0.1096474677324295,0.12779097259044647,0.1478516161441803,0.16992148756980896,0.19129519164562225,0.214384064078331,0.24248118698596954,0.269410103559494,0.301972895860672,0.3370125889778137,0.37460461258888245,0.41482070088386536,0.45282799005508423,0.4981887936592102,0.5519000291824341,0.597432017326355,0.6452881097793579,0.7019549012184143,0.7548847794532776,0.8173607587814331,0.8829902410507202,0.9518280029296875,1.0239222049713135,1.0907795429229736,1.1691547632217407,1.2509196996688843,1.3361186981201172,1.4247909784317017,1.5065594911575317,1.6018989086151123,1.689650535583496,1.7917852401733398,1.8856316804885864,1.9823837280273438,2.082061767578125,2.1977241039276123,2.317147970199585,2.440358877182007,2.5530800819396973,2.6688289642333984,2.8026864528656006,2.9249203205108643,3.0661094188690186,3.2112033367156982,3.360222101211548,3.5131754875183105,3.63486909866333,3.77687668800354,3.977248430252075,4.183551788330078,4.356758117675781,4.553872108459473,4.735470771789551,4.900226593017578,5.089324951171875,5.260738849639893,5.43527889251709,5.635364055633545,5.816522121429443,6.02403450012207,6.235456466674805,6.426661968231201,6.6454291343688965,6.868061542510986,7.069180965423584,7.299047470092773,7.532709121704102,7.743571758270264,7.984325885772705,8.256173133850098,8.532546997070312,8.785116195678711,9.041279792785645,9.30099105834961,9.564220428466797,9.830925941467285,10.131293296813965,10.374593734741211,10.651460647583008,10.900327682495117,11.18336009979248,11.46958065032959,11.758931159973145,12.051356315612793,12.346793174743652,12.611884117126465,12.879262924194336,13.182740211486816,13.488984107971191,13.763467788696289,14.074745178222656,14.388581275939941,14.669634819030762,14.988097190856934,15.273139953613281,15.59595012664795,15.920942306518555,16.248035430908203,16.577146530151367,16.908187866210938,17.203998565673828,17.53844451904297,17.912017822265625,18.249902725219727,18.589277267456055,18.930049896240234,19.310218811035156,19.65364646911621,19.959850311279297,20.3052978515625,20.65167999267578,20.998897552490234,21.34685516357422,21.69545555114746,22.083415985107422,22.471899032592773,22.7829532623291,23.172115325927734,23.52262306213379,23.873384475708008,24.22439956665039,24.5756778717041,24.9272403717041,25.27911376953125,25.631324768066406,25.94470977783203,26.33689308166504,26.690326690673828,27.044231414794922,27.398645401000977,27.79307746887207,28.148679733276367,28.504894256591797,28.861753463745117,29.21928596496582,29.577516555786133,29.89655113220215,30.216176986694336,30.536405563354492,30.93757438659668,31.25922203063965,31.621856689453125,31.985328674316406,32.30913162231445,32.63362121582031,32.99950408935547,33.284690856933594,33.61128234863281
0.0,1.904400726004951e-08,5.295466962706996e-06,4.2629893869161606e-05,0.00013563717948272824,0.00035602401476353407,0.000762063660658896,0.0014281547628343105,0.0024348439183086157,0.003685329807922244,0.005820798221975565,0.008385852910578251,0.011658516712486744,0.015736671164631844,0.020116783678531647,0.025984961539506912,0.03294618800282478,0.041099462658166885,0.050543706864118576,0.06137585639953613,0.07369187474250793,0.08758576214313507,0.10314995050430298,0.12047486007213593,0.13964898884296417,0.16322745382785797,0.19483712315559387,0.22102302312850952,0.24941407144069672,0.28008362650871277,0.3131029009819031,0.36090025305747986,0.3996623754501343,0.44574347138404846,0.4899929463863373,0.5262662768363953,0.5753384828567505,0.62720787525177,0.6819300651550293,0.7395618557929993,0.8070752024650574,0.8783164024353027,0.9380365610122681,1.0081654787063599,1.0814616680145264,1.1579669713974,1.237728238105774,1.3113938570022583,1.3974186182022095,1.476718783378601,1.5587146282196045,1.6434365510940552,1.7309104204177856,1.8441640138626099,1.9498428106307983,2.0591118335723877,2.1720030307769775,2.2885477542877197,2.4087719917297363,2.5467021465301514,2.6747777462005615,2.806608200073242,2.9422152042388916,3.0503103733062744,3.1926777362823486,3.338871717453003,3.4889049530029297,3.6427927017211914,3.8005530834198,3.962193250656128,4.127725124359131,4.297154903411865,4.470489501953125,4.627843379974365,4.808560371398926,4.9931864738464355,5.13948917388916,5.309586524963379,5.504636287689209,5.703586101531982,5.906428337097168,6.113152503967285,6.323750019073486,6.5382080078125,6.756511211395264,7.0035552978515625,7.229912757873535,7.46005392074585,7.72017765045166,7.958230495452881,8.199990272521973,8.445428848266602,8.694515228271484,8.918961524963379,9.174847602844238,9.434281349182129,9.726652145385742,9.993440628051758,10.263651847839355,10.506677627563477,10.814160346984863,11.094362258911133,11.377796173095703,11.63241195678711,11.921813011169434,12.214290618896484,12.509786605834961,12.808241844177246,13.109596252441406,13.413785934448242,13.686504364013672,13.99587345123291,14.307882308959961,14.587386131286621,14.904191970825195,15.187844276428223,15.47336483001709,15.832804679870605,16.122323989868164,16.45003890991211,16.743061065673828,17.037639617919922,17.370826721191406,17.705814361572266,18.042518615722656,18.380842208862305,18.720703125,19.0620059967041,19.404659271240234,19.710302352905273,20.055253982543945,20.401283264160156,20.748294830322266,21.096195220947266,21.44487762451172,21.794214248657227,22.144207000732422,22.455814361572266,22.806930541992188,23.11952781677246,23.432588577270508,23.824586868286133,24.138734817504883,24.532133102416992,24.88689613342285,25.20282554626465,25.558931350708008,25.915796279907227,26.313228607177734,26.67177963256836,27.03117561340332,27.39144515991211,27.752620697021484,28.074443817138672,28.437389373779297,28.801307678222656,29.166221618652344,29.532148361206055,29.899110794067383,30.26712417602539
0.0,1.912874481035942e-08,3.803214440267766e-06,3.720131280715577e-05,0.00012570302351377904,0.00034095224691554904,0.0007433817954733968,0.0013171295868232846,0.002279310254380107,0.0036605210043489933,0.005553362891077995,0.007741495966911316,0.011253812350332737,0.014769378118216991,0.019567852839827538,0.023979339748620987,0.02981705777347088,0.03748651221394539,0.046423546969890594,0.05551518127322197,0.0657603070139885,0.07875235378742218,0.09339310973882675,0.10977965593338013,0.13014855980873108,0.14582544565200806,0.16777360439300537,0.18904106318950653,0.21502380073070526,0.24326494336128235,0.27032947540283203,0.30305472016334534,0.338264524936676,0.3760347366333008,0.41181471943855286,0.4546131491661072,0.4949727952480316,0.543042004108429,0.5998350977897644,0.6602686643600464,0.7112900614738464,0.7647297978401184,0.8277883529663086,0.8940075039863586,0.9634408354759216,1.0278960466384888,1.0949625968933105,1.1735749244689941,1.2370611429214478,1.3121559619903564,1.3999134302139282,1.480864405632019,1.5752838850021362,1.651197910308838,1.7520159482955933,1.8446966409683228,1.9524399042129517,2.051328420639038,2.15317440032959,2.271310329437256,2.3795080184936523,2.504838228225708,2.634012460708618,2.752081871032715,2.8732213973999023,3.0131924152374268,3.157085418701172,3.2882962226867676,3.4396393299102783,3.594943046569824,3.7363269329071045,3.899141788482666,4.04721212387085,4.217560768127441,4.372334003448486,4.530265808105469,4.711711406707764,4.897149085998535,5.065334796905518,5.258304119110107,5.4552531242370605,5.633650302886963,5.838085651397705,6.046464920043945,6.2587714195251465,6.47498893737793,6.6951003074646,6.919081687927246,7.172461986541748,7.404534339904785,7.640399932861328,7.880025386810303,8.123379707336426,8.370431900024414,8.621149063110352,8.847053527832031,9.104586601257324,9.365673065185547,9.60069465637207,9.838457107543945,10.078927040100098,10.352653503417969,10.629709243774414,10.847469329833984,11.130314826965332,11.416341781616211,11.673205375671387,11.965068817138672,12.259931564331055,12.557732582092285,12.824854850769043,13.128020286560059,13.365715026855469,13.673704147338867,13.984304428100586,14.297436714172363,14.577840805053711,14.895547866821289,15.215561866760254,15.537800788879395,15.862180709838867,16.188621520996094,16.626935958862305,16.957841873168945,17.25346565246582,17.550434112548828,17.886072158813477,18.185712814331055,18.524188995361328,18.86403465270996,19.167194366455078,19.509363174438477,19.81443214416504,20.15857696533203,20.503623962402344,20.849464416503906,21.196006774902344,21.54314613342285,21.890779495239258,22.238801956176758,22.587120056152344,22.935632705688477,23.28423500061035,23.594093322753906,23.942577362060547,24.290849685668945,24.6387996673584,25.0249080657959,25.371826171875,25.67963218688965,26.025287628173828,26.370235443115234,26.67626953125,27.019906997680664,27.28671646118164,27.62919807434082,27.97107696533203,28.350299835205078,28.691068649291992,28.99359703063965,29.333560943603516,29.63545799255371,29.974803924560547,30.31389045715332,30.615127563476562,30.953866958618164,31.29248046875,31.59340476989746
0.0,1.9103211457149882e-08,5.297038114804309e-06,4.263318260200322e-05,0.0001356329448753968,0.0003247667336836457,0.0007673492655158043,0.0014384530950337648,0.0023196348920464516,0.0035321437753736973,0.005373126361519098,0.0078107132576406,0.010944386944174767,0.014874140731990337,0.01911746710538864,0.024826236069202423,0.030014948919415474,0.03773105517029762,0.04565499722957611,0.055859822779893875,0.06752806156873703,0.08076034486293793,0.09565235674381256,0.1122991070151329,0.13079170882701874,0.1512196958065033,0.1710728108882904,0.19539183378219604,0.2188386619091034,0.2539976239204407,0.285367488861084,0.3230675458908081,0.3596365451812744,0.3987765312194824,0.435779869556427,0.47995737195014954,0.5268943309783936,0.5653486847877502,0.6114233136177063,0.6598081588745117,0.7170546650886536,0.7636762261390686,0.8263617157936096,0.8921860456466675,0.9612041115760803,1.0416984558105469,1.1176235675811768,1.2059091329574585,1.2889437675476074,1.3852308988571167,1.4858050346374512,1.5800288915634155,1.677799105644226,1.7563155889511108,1.8604696989059448,1.9804612398147583,2.0797119140625,2.1948556900024414,2.300325632095337,2.4225149154663086,2.534287691116333,2.663611650466919,2.7967450618743896,2.918302059173584,3.0745246410369873,3.2029407024383545,3.351074457168579,3.5031042098999023,3.659041404724121,3.818897008895874,3.9826788902282715,4.150394439697266,4.322048187255859,4.477937698364258,4.677180767059326,4.840076446533203,5.027054309844971,5.217970371246338,5.390977382659912,5.589318752288818,5.791578769683838,5.974647521972656,6.16079568862915,6.37388277053833,6.542294025421143,6.762252330780029,6.960995197296143,7.162756443023682,7.393325328826904,7.6276702880859375,7.83912467956543,8.080525398254395,8.325617790222168,8.546551704406738,8.798527717590332,9.054095268249512,9.313217163085938,9.575849533081055,9.841952323913574,10.14163875579834,10.384390830993652,10.660632133483887,10.940155029296875,11.222909927368164,11.508840560913086,11.797894477844238,12.090014457702637,12.385139465332031,12.683210372924805,12.984162330627441,13.287933349609375,13.594457626342773,13.903667449951172,14.389833450317383,14.740785598754883,15.059174537658691,15.415712356567383,15.73901653289795,16.06454086303711,16.392213821411133,16.758718490600586,17.090667724609375,17.387327194213867,17.722797393798828,18.022457122802734,18.323434829711914,18.663524627685547,18.96707534790039,19.271730422973633,19.61570167541504,19.960880279541016,20.307167053222656,20.65445327758789,21.002639770507812,21.35163116455078,21.740224838256836,22.09058380126953,22.441442489624023,22.792701721191406,23.144258499145508,23.496013641357422,23.847862243652344,24.199708938598633,24.512372970581055,24.86392593383789,25.176164627075195,25.527050018310547,25.83852195739746,26.1883487701416,26.537443161010742,26.885669708251953,27.233030319213867,27.54102897644043,27.886680603027344,28.231449127197266,28.575359344482422,28.880374908447266,29.22278594970703,29.56447410583496,29.94335174560547,30.208114624023438
0.0,1.9108242099719064e-08,3.7901295399933588e-06,4.2632247641449794e-05,0.00013563651009462774,0.00035601016134023666,0.0007054840680211782,0.0013387373182922602,0.002178207505494356,0.0035138092935085297,0.005353547632694244,0.007795271929353476,0.010935252532362938,0.014873625710606575,0.019710328429937363,0.02554643526673317,0.03248029947280884,0.04061167314648628,0.051168765872716904,0.062144774943590164,0.07461431622505188,0.08867035061120987,0.11003560572862625,0.1281401365995407,0.14811789989471436,0.17005160450935364,0.19402123987674713,0.22010399401187897,0.2483770251274109,0.2789144814014435,0.3117899000644684,0.34303298592567444,0.37197145819664,0.4114300310611725,0.44868263602256775,0.49310415983200073,0.5402519106864929,0.5845018029212952,0.6310011148452759,0.6860551834106445,0.7440717816352844,0.8051091432571411,0.8692228198051453,0.9364667534828186,1.0068899393081665,1.0805433988571167,1.1574736833572388,1.2377272844314575,1.311887264251709,1.3985323905944824,1.4784389734268188,1.5928047895431519,1.6902858018875122,1.7913157939910889,1.895931363105774,1.9919637441635132,2.1034436225891113,2.2186036109924316,2.3374671936035156,2.4739153385162354,2.6006810665130615,2.731224536895752,2.865567207336426,3.0193145275115967,3.1777944564819336,3.32448673248291,3.4750430583953857,3.612125873565674,3.7700130939483643,3.931795120239258,4.0974812507629395,4.229050159454346,4.4016900062561035,4.578248500823975,4.738480567932129,4.922445297241211,5.089262962341309,5.2591776847839355,5.454028606414795,5.6527886390686035,5.832743167877197,6.0388689041137695,6.201875686645508,6.4148993492126465,6.6074957847595215,6.827796936035156,7.026832580566406,7.254344463348389,7.4339165687561035,7.668142795562744,7.906108856201172,8.147789001464844,8.393149375915527,8.614312171936035,8.866536140441895,9.122344970703125,9.323760032653809,9.556548118591309,9.82171630859375,10.060301780700684,10.33191204071045,10.576147079467773,10.854025840759277,11.13514518737793,11.419454574584961,11.706897735595703,12.02988338470459,12.323746681213379,12.620559692382812,12.920259475708008,13.222785949707031,13.459997177124023,13.733100891113281,14.146662712097168,14.599742889404297,14.916375160217285,15.270988464355469,15.592571258544922,15.880308151245117,16.242389678955078,16.533912658691406,16.827022552490234,17.15860366821289,17.492046356201172,17.827253341674805,18.126628875732422,18.540313720703125,18.91832160949707,19.260000228881836,19.602977752685547,19.947174072265625,20.292491912841797,20.60030746459961,20.947484970092773,21.256799697875977,21.527942657470703,21.838314056396484,22.188020706176758,22.4992618560791,22.810789108276367,23.122520446777344,23.47336196899414,23.824241638183594,24.17505645751953,24.486738204956055,24.798200607299805,25.148239135742188,25.497787475585938,25.846729278564453,26.156307220458984,26.54237174987793,26.888845443725586,27.195951461791992,27.54037094116211,27.883556365966797,28.22539710998535,28.565793991088867,28.8670711517334,29.204448699951172,29.57725715637207,29.910804748535156,30.24248695373535,30.57228660583496,30.86388397216797,31.19021224975586
